ensembl_gene_id,m_measure
PGSC0003DMG400021579,0.02235143690157016
PGSC0003DMG400011753,0.009518474489699223
PGSC0003DMG401024691,0.04146520110675722
PGSC0003DMG400021581,0.010349904953537879
PGSC0003DMG401025809,0.02003109176023349
PGSC0003DMG400021641,0.010288868205177167
PGSC0003DMG400011455,0.008650869678376314
PGSC0003DMG400021820,0.010906014100140044
PGSC0003DMG400011591,0.009180029166958766
PGSC0003DMG400010585,0.04697234176074382
PGSC0003DMG400011365,0.02397939398611129
PGSC0003DMG401022984,0.04802576594528147
PGSC0003DMG400021812,0.011065296816308431
PGSC0003DMG400021702,0.021508961965723307
PGSC0003DMG400011520,0.021871582693568058
PGSC0003DMG400011612,0.01958959448914695
PGSC0003DMG400010537,0.05005052177403683
PGSC0003DMG400021804,0.01012369388331953
PGSC0003DMG400010556,0.017827917500881845
PGSC0003DMG400011392,0.008798628697212232
PGSC0003DMG400021460,0.01030188211813594
PGSC0003DMG400011380,0.02316172254304456
PGSC0003DMG401027676,0.02030163225920304
PGSC0003DMG400010618,0.048436324333267465
PGSC0003DMG400010677,0.018759161333575296
PGSC0003DMG400021806,0.010398649015092293
PGSC0003DMG401024348,0.02007187648760435
PGSC0003DMG400021472,0.010562874438965659
PGSC0003DMG400011645,0.008435749251376806
PGSC0003DMG401027067,0.04302375053482311
PGSC0003DMG400021433,0.01013691158644942
PGSC0003DMG400010608,0.017533967327513424
PGSC0003DMG400011581,0.008476496936880885
PGSC0003DMG400021438,0.01042576823290282
PGSC0003DMG400011739,0.01575682517483159
PGSC0003DMG401027394,0.0207133484524628
PGSC0003DMG400011361,0.00872575540176417
PGSC0003DMG400021401,0.024313312142042565
PGSC0003DMG400010915,0.03952975895093835
PGSC0003DMG400021656,0.010403164241071138
PGSC0003DMG401025624,0.02033195686978241
PGSC0003DMG400010902,0.04581241862829712
PGSC0003DMG400010666,0.047804411438396546
PGSC0003DMG400011444,0.008538316207656478
PGSC0003DMG401026034,0.04382483058151194
PGSC0003DMG401026272,0.020063248765109773
PGSC0003DMG400021416,0.010790746080656482
PGSC0003DMG401025430,0.038534939488439654
PGSC0003DMG400010520,0.018305403731738445
PGSC0003DMG400010470,0.021446178589377515
PGSC0003DMG400010694,0.04763837323140938
PGSC0003DMG401026894,0.02842764391946952
PGSC0003DMG400010763,0.045898529996840055
PGSC0003DMG401025150,0.020981528687237894
PGSC0003DMG400021527,0.011073159455058969
PGSC0003DMG400021398,0.025776783492608937
PGSC0003DMG401024038,0.02090261612448804
PGSC0003DMG400011695,0.02477367891493146
PGSC0003DMG400010665,0.018097400665283203
PGSC0003DMG401027557,0.020417516446831235
PGSC0003DMG401025391,0.020013981439596835
PGSC0003DMG400010490,0.03532022457059012
PGSC0003DMG400021396,0.021914830788945117
PGSC0003DMG401023000,0.020192747530729874
PGSC0003DMG400010736,0.01989101008029287
PGSC0003DMG400011432,0.008899412489494617
PGSC0003DMG400011391,0.008514139210441475
PGSC0003DMG400021647,0.010378110786909252
PGSC0003DMG400011578,0.008365544333481828
PGSC0003DMG400011517,0.009187621942943643
PGSC0003DMG400010739,0.0186365424191274
PGSC0003DMG401026432,0.02064953679623811
PGSC0003DMG401027133,0.04959095919810011
PGSC0003DMG400011458,0.008369187878845928
PGSC0003DMG401026315,0.02004994516787322
PGSC0003DMG400021818,0.010481928346153094
PGSC0003DMG400021634,0.02427939859176916
PGSC0003DMG400021476,0.012319454167641464
PGSC0003DMG400021689,0.010578852066014565
PGSC0003DMG400021487,0.010264625135367621
PGSC0003DMG401023061,0.021063871606935226
PGSC0003DMG400021719,0.023337610973937682
PGSC0003DMG401028532,0.043052756268045174
PGSC0003DMG400011702,0.009082935091251125
PGSC0003DMG400021831,0.0110895900376054
PGSC0003DMG401024031,0.02056730710543119
PGSC0003DMG400021626,0.010210155047637991
PGSC0003DMG400021406,0.011627011784727068
PGSC0003DMG400011687,0.013690544090207311
PGSC0003DMG400021405,0.010168315970240928
PGSC0003DMG401025785,0.04153386884708468
PGSC0003DMG401024469,0.02022516288884906
PGSC0003DMG400010792,0.018008428273791056
PGSC0003DMG400011490,0.02059770784712395
PGSC0003DMG400011587,0.008646106083126418
PGSC0003DMG400021434,0.024391215711284758
PGSC0003DMG401024882,0.020246984169235996
PGSC0003DMG400021454,0.011227239949476341
PGSC0003DMG400011528,0.02224863908923727
PGSC0003DMG401027032,0.023035181804644225
PGSC0003DMG400021415,0.010261490269375962
PGSC0003DMG400021535,0.010117078663311737
PGSC0003DMG400011426,0.008811403793564225
PGSC0003DMG400010870,0.041476016857950986
PGSC0003DMG400010721,0.018078941166600256
PGSC0003DMG400010631,0.01832608315458266
PGSC0003DMG401028586,0.02074214367563509
PGSC0003DMG400021427,0.010456681450539717
PGSC0003DMG400010900,0.02019124206491936
PGSC0003DMG400010853,0.01861817063296519
PGSC0003DMG400010913,0.018604351924015924
PGSC0003DMG400011523,0.009001655451244425
PGSC0003DMG400021734,0.02396606324312086
PGSC0003DMG400021823,0.014657439293964876
PGSC0003DMG400021602,0.011084000136896047
PGSC0003DMG401023974,0.020729241961220835
PGSC0003DMG400010696,0.042059576232297766
PGSC0003DMG400021666,0.011669240929248537
PGSC0003DMG401028565,0.021995426420384028
PGSC0003DMG400021563,0.010908232706417026
PGSC0003DMG401022901,0.02058935324882584
PGSC0003DMG400021494,0.010175719285051094
PGSC0003DMG400010901,0.018241726036454523
PGSC0003DMG400021629,0.010318585747669456
PGSC0003DMG401024284,0.020962767776438226
PGSC0003DMG401024074,0.019989530378360813
PGSC0003DMG401024702,0.020521975679939807
PGSC0003DMG400011742,0.008689237954421513
PGSC0003DMG400021805,0.023026386764093312
PGSC0003DMG400011621,0.008502975330129888
PGSC0003DMG400010741,0.01853183599618765
PGSC0003DMG400010706,0.05299057848876137
PGSC0003DMG401024331,0.020184515311965176
PGSC0003DMG400011654,0.019886523136909497
PGSC0003DMG400010704,0.017891509078418133
PGSC0003DMG400010909,0.04107439557844181
PGSC0003DMG400011745,0.009440037563368553
PGSC0003DMG400010612,0.0180385232370434
PGSC0003DMG400011498,0.008354202932825868
PGSC0003DMG400021622,0.0221747380863247
PGSC0003DMG400011384,0.0086409906314092
PGSC0003DMG401026984,0.03137775727339014
PGSC0003DMG400021811,0.010290206374230488
PGSC0003DMG401027271,0.020059590355608375
PGSC0003DMG400010533,0.018521265840051964
PGSC0003DMG400010542,0.049109101694164464
PGSC0003DMG401026197,0.04649066925048828
PGSC0003DMG401023448,0.05153966986614725
PGSC0003DMG400011728,0.008661487464713732
PGSC0003DMG400021693,0.010212832977855345
PGSC0003DMG400010521,0.023005161795727785
PGSC0003DMG401023562,0.02026488709210552
PGSC0003DMG400010798,0.0429462828365058
PGSC0003DMG401027132,0.04734109795611838
PGSC0003DMG400021766,0.010301575636823906
PGSC0003DMG400021726,0.011862496899842022
PGSC0003DMG401024767,0.0407405649140527
PGSC0003DMG401024877,0.020314639228642187
PGSC0003DMG401028232,0.020674750159018016
PGSC0003DMG400010475,0.030483743418817936
PGSC0003DMG400011573,0.02357881893100643
PGSC0003DMG401027561,0.03539154282381702
PGSC0003DMG400011772,0.008378937168790025
PGSC0003DMG400010720,0.038932411168331287
PGSC0003DMG401024480,0.04125436891281485
PGSC0003DMG400021499,0.010587856248145509
PGSC0003DMG400021712,0.010076664525001793
PGSC0003DMG401027320,0.02081164548229613
PGSC0003DMG401022324,0.019980872355177252
PGSC0003DMG400021721,0.023637929225405786
PGSC0003DMG401028133,0.021438617770089752
PGSC0003DMG401026555,0.0207130199292033
PGSC0003DMG400021769,0.020924377122984106
PGSC0003DMG401023603,0.020634545929057144
PGSC0003DMG400010538,0.04908157272083703
PGSC0003DMG401024352,0.039376740471575175
PGSC0003DMG400011344,0.009277341361833932
PGSC0003DMG401022579,0.03997571811229489
PGSC0003DMG400021547,0.010769114072414392
PGSC0003DMG400011527,0.019111910328045115
PGSC0003DMG401025043,0.039940014332034514
PGSC0003DMG400011414,0.008745371797845042
PGSC0003DMG400011613,0.020057644788331302
PGSC0003DMG400021411,0.021703826764191133
PGSC0003DMG400010766,0.04735007652869591
PGSC0003DMG400010611,0.04474616927845422
PGSC0003DMG401025767,0.02133664319347777
PGSC0003DMG400011403,0.009200619934795297
PGSC0003DMG401026519,0.021428106620558926
PGSC0003DMG401026765,0.02023433283419912
PGSC0003DMG400021788,0.020267024860159185
PGSC0003DMG401026931,0.05072163419181288
PGSC0003DMG400011412,0.023185411558326378
PGSC0003DMG400021743,0.023977397479278614
PGSC0003DMG401026514,0.019765314848526665
PGSC0003DMG400021589,0.010341368055900867
PGSC0003DMG401027007,0.021370001062501632
PGSC0003DMG400011447,0.008793604791860947
PGSC0003DMG401023644,0.020072358109081867
PGSC0003DMG400010588,0.044537754760538055
PGSC0003DMG400021447,0.01063179531957152
PGSC0003DMG401024140,0.021187994392420535
PGSC0003DMG400011375,0.008537910219424953
PGSC0003DMG400021403,0.022372113643385132
PGSC0003DMG400010524,0.04603652252401397
PGSC0003DMG400010467,0.01764423950858738
PGSC0003DMG400010625,0.018066503531159364
PGSC0003DMG401025898,0.037505988691961485
PGSC0003DMG400010917,0.041206174869601146
PGSC0003DMG400021481,0.020546792146558555
PGSC0003DMG400021830,0.020477882410727677
PGSC0003DMG400011561,0.016863598449401346
PGSC0003DMG400010929,0.04186073992164637
PGSC0003DMG400010577,0.03289850738933653
PGSC0003DMG401024549,0.019727837680574244
PGSC0003DMG400011688,0.022728448718139446
PGSC0003DMG400010684,0.01765088492811324
PGSC0003DMG400021478,0.010326425300814672
PGSC0003DMG400021407,0.017798374411657776
PGSC0003DMG400021397,0.010748007460707218
PGSC0003DMG401026842,0.04689763939898947
PGSC0003DMG401026044,0.021322491176949697
PGSC0003DMG400010764,0.04512453238700943
PGSC0003DMG401023772,0.019898894638520816
PGSC0003DMG400021675,0.010316754024295457
PGSC0003DMG400011404,0.020866987900264276
PGSC0003DMG400010922,0.041436498380424985
PGSC0003DMG401026153,0.047417972398840866
PGSC0003DMG401028570,0.020873557763753527
PGSC0003DMG400021750,0.02058502668530396
PGSC0003DMG400011709,0.021085552858788898
PGSC0003DMG400011720,0.024035140150576482
PGSC0003DMG400011781,0.008555680563135418
PGSC0003DMG401023595,0.04914589948877443
PGSC0003DMG400021502,0.021017654113260054
PGSC0003DMG400011474,0.008593037848878583
PGSC0003DMG400010571,0.01868474124666042
PGSC0003DMG401027166,0.020030839786083006
PGSC0003DMG401023369,0.04262119790782099
PGSC0003DMG401027116,0.02118795611786603
PGSC0003DMG400021519,0.016358386694091388
PGSC0003DMG400011557,0.008982413997236198
PGSC0003DMG401024517,0.020827133918685656
PGSC0003DMG400010472,0.01877275677428995
PGSC0003DMG401025318,0.020664859376224785
PGSC0003DMG400010698,0.017756313783269265
PGSC0003DMG401028340,0.01983355040534284
PGSC0003DMG400021409,0.01030946454540119
PGSC0003DMG401025354,0.04618273451176774
PGSC0003DMG401028385,0.020086361811711237
PGSC0003DMG400021458,0.016537680649797187
PGSC0003DMG400011524,0.021821709825518933
PGSC0003DMG400010499,0.037962792310427665
PGSC0003DMG400021509,0.022234134960652192
PGSC0003DMG400011405,0.02088965159624765
PGSC0003DMG400011416,0.008628165383569784
PGSC0003DMG400010525,0.018549042003210572
PGSC0003DMG401027184,0.020202462888481626
PGSC0003DMG400010765,0.048395998900550664
PGSC0003DMG400021598,0.020506860417794304
PGSC0003DMG400021701,0.010441272207014947
PGSC0003DMG401026043,0.020650394784168257
PGSC0003DMG400021834,0.023386079600338942
PGSC0003DMG400010661,0.018731204961055896
PGSC0003DMG400011783,0.02353695437983798
PGSC0003DMG400021829,0.02124797362517037
PGSC0003DMG401027620,0.019766561961094272
PGSC0003DMG400010804,0.043846978790385266
PGSC0003DMG400021607,0.010494769515099629
PGSC0003DMG400010649,0.041268396537040786
PGSC0003DMG400010549,0.04810226721109754
PGSC0003DMG400021573,0.01159767157247349
PGSC0003DMG400021672,0.01935196559695847
PGSC0003DMG400021513,0.010617305519982849
PGSC0003DMG401024509,0.020281038954106462
PGSC0003DMG401022455,0.02016152187334654
PGSC0003DMG400010464,0.047998004135080805
PGSC0003DMG401026149,0.020409810503190975
PGSC0003DMG400011439,0.020564313324942612
PGSC0003DMG401025788,0.021275785057042355
PGSC0003DMG401024894,0.020051104567920086
PGSC0003DMG401023841,0.049034029345049905
PGSC0003DMG400011394,0.00838238010820443
PGSC0003DMG400021483,0.02083976280709141
PGSC0003DMG400021594,0.010274860019078836
PGSC0003DMG400010866,0.028661459983391906
PGSC0003DMG400021677,0.01034039288808985
PGSC0003DMG400021668,0.010479713720152892
PGSC0003DMG400011569,0.01583618870959656
PGSC0003DMG400010847,0.017743620984131677
PGSC0003DMG401024183,0.01985579749014864
PGSC0003DMG401023823,0.020119206163795495
PGSC0003DMG400021777,0.020286459755618904
PGSC0003DMG400011480,0.0090224133907057
PGSC0003DMG400021711,0.010178229247588348
PGSC0003DMG400021529,0.02089479411384697
PGSC0003DMG400010746,0.018408504218162102
PGSC0003DMG400010812,0.04813866950197762
PGSC0003DMG400010604,0.048338312767819816
PGSC0003DMG400021445,0.010227790061937947
PGSC0003DMG400010469,0.019223359914926384
PGSC0003DMG400021565,0.019576053587542552
PGSC0003DMG401027564,0.02051873829053796
PGSC0003DMG400011411,0.009028420424421563
PGSC0003DMG400010921,0.04529082575769329
PGSC0003DMG401024737,0.020504557568094006
PGSC0003DMG400011611,0.015499072003245155
PGSC0003DMG400011563,0.023119994913397328
PGSC0003DMG400021646,0.01012569198226292
PGSC0003DMG400011460,0.008589845666901297
PGSC0003DMG400011652,0.02328192053334741
PGSC0003DMG400021808,0.011199151932297645
PGSC0003DMG400021511,0.010646686331059578
PGSC0003DMG400021661,0.016026259662710964
PGSC0003DMG400011521,0.019807200997023034
PGSC0003DMG401028572,0.04118256265901801
PGSC0003DMG400021755,0.010662665550219197
PGSC0003DMG400010740,0.018293787404446298
PGSC0003DMG400021596,0.01027902498070107
PGSC0003DMG400021606,0.010143565813169655
PGSC0003DMG400021625,0.010570749018546537
PGSC0003DMG401026400,0.02030902722208795
PGSC0003DMG400011343,0.00833501083424971
PGSC0003DMG401027023,0.020376679091947934
PGSC0003DMG400021515,0.010304042612371939
PGSC0003DMG400021583,0.0211902707566403
PGSC0003DMG401028616,0.02064364410961751
PGSC0003DMG400010880,0.017612423785155432
PGSC0003DMG401026994,0.04408193990139658
PGSC0003DMG400011541,0.019813403860356453
PGSC0003DMG400011741,0.00916140784007281
PGSC0003DMG400010797,0.0317857034230312
PGSC0003DMG401024871,0.019831542586004454
PGSC0003DMG401027165,0.02136722615730005
PGSC0003DMG400011570,0.0231227556333717
PGSC0003DMG401023672,0.021252306807399993
PGSC0003DMG400010682,0.01848562106639645
PGSC0003DMG401025831,0.023915215878183627
PGSC0003DMG400010517,0.017450645217130016
PGSC0003DMG400021682,0.02214160467030011
PGSC0003DMG400021644,0.01049655586331834
PGSC0003DMG400021728,0.025268377963210985
PGSC0003DMG400011560,0.008615930012749113
PGSC0003DMG400010774,0.03909568084920928
PGSC0003DMG400010776,0.018226969600919896
PGSC0003DMG401027044,0.020451234734576683
PGSC0003DMG401022480,0.020514835880751595
PGSC0003DMG400010881,0.04319076155340393
PGSC0003DMG400010735,0.01862071748561285
PGSC0003DMG400011402,0.008749688009984904
PGSC0003DMG400021785,0.01065770055296425
PGSC0003DMG400021802,0.0106217411404261
PGSC0003DMG401023631,0.03377614611367318
PGSC0003DMG400010634,0.017511313575566016
PGSC0003DMG400011663,0.009106512658783112
PGSC0003DMG400010632,0.044462660084600036
PGSC0003DMG400010867,0.042284758194633155
PGSC0003DMG400011562,0.02002738354003091
PGSC0003DMG400010572,0.0337770328075192
PGSC0003DMG401028328,0.020288882048233696
PGSC0003DMG400010879,0.043430350695964084
PGSC0003DMG400011499,0.008969842691055323
PGSC0003DMG400010738,0.01882190768136627
PGSC0003DMG400010679,0.046272622303021795
PGSC0003DMG400011607,0.023347881680139914
PGSC0003DMG401022411,0.022031485835046674
PGSC0003DMG400021695,0.019996526842324284
PGSC0003DMG400011406,0.025117875737618523
PGSC0003DMG401025971,0.020130682151054458
PGSC0003DMG400011430,0.023483005708366485
PGSC0003DMG400021683,0.012109998470554766
PGSC0003DMG400011383,0.00869828671565239
PGSC0003DMG400011690,0.009796358309126457
PGSC0003DMG400010548,0.018209222965814596
PGSC0003DMG400011535,0.021805096150240635
PGSC0003DMG400021591,0.010519037262625208
PGSC0003DMG400010653,0.017849049839287697
PGSC0003DMG400021516,0.01015528772828575
PGSC0003DMG401023696,0.020139565037245736
PGSC0003DMG400021650,0.023090510615124328
PGSC0003DMG400011529,0.022427187937129917
PGSC0003DMG400021649,0.011341570215750616
PGSC0003DMG401025397,0.02014546888727807
PGSC0003DMG401023109,0.03350748425742057
PGSC0003DMG401028329,0.04491342908163932
PGSC0003DMG400011446,0.008649713805999501
PGSC0003DMG401025510,0.01989274359865731
PGSC0003DMG400021670,0.010191372917570137
PGSC0003DMG401025908,0.04953371003319986
PGSC0003DMG400021512,0.010694623192483077
PGSC0003DMG400021709,0.010762170081544599
PGSC0003DMG400021773,0.023727216386237805
PGSC0003DMG400021803,0.020355106793182323
PGSC0003DMG400011436,0.008963768788689564
PGSC0003DMG401026486,0.044984300798397
PGSC0003DMG401027437,0.020791615132105392
PGSC0003DMG400010605,0.04122862289581809
PGSC0003DMG400011713,0.008779593421541191
PGSC0003DMG400010672,0.017587687259533732
PGSC0003DMG401022780,0.041923491053756666
PGSC0003DMG400010552,0.04279690043982056
PGSC0003DMG400021431,0.010565093841297996
PGSC0003DMG400010820,0.0198185324270191
PGSC0003DMG400010773,0.04699291114424383
PGSC0003DMG401027685,0.020128819456068568
PGSC0003DMG400011552,0.021092061407378997
PGSC0003DMG400011653,0.008458731369502556
PGSC0003DMG400021789,0.01039606661151765
PGSC0003DMG401023992,0.020057380000085737
PGSC0003DMG400011374,0.009237543370369479
PGSC0003DMG400010481,0.03338090392658144
PGSC0003DMG401022737,0.02099505395793596
PGSC0003DMG401024463,0.04006597908045536
PGSC0003DMG400021652,0.02482024019269991
PGSC0003DMG400021673,0.010370065851482207
PGSC0003DMG401025167,0.020340216199689884
PGSC0003DMG400011589,0.021428085925782065
PGSC0003DMG400021595,0.010346822627199711
PGSC0003DMG401025438,0.04319783277734865
PGSC0003DMG400021740,0.010654142981578591
PGSC0003DMG400010656,0.017903870164750015
PGSC0003DMG401026992,0.020008138190942465
PGSC0003DMG401026387,0.020087466989472558
PGSC0003DMG401023951,0.04349435850928061
PGSC0003DMG400010897,0.01876852265169788
PGSC0003DMG401028489,0.02022954692011294
PGSC0003DMG400011382,0.023496232964160646
PGSC0003DMG400010826,0.032689234883490216
PGSC0003DMG400011665,0.008624907925053311
PGSC0003DMG400011672,0.021290022861181396
PGSC0003DMG400010489,0.034856285937255045
PGSC0003DMG400010819,0.019132315913171674
PGSC0003DMG400021722,0.010716019568339811
PGSC0003DMG400021399,0.010220461576331238
PGSC0003DMG401025828,0.020553564945590935
PGSC0003DMG401028487,0.020572652784877
PGSC0003DMG401027256,0.04786826296394884
PGSC0003DMG400010894,0.04546112519841529
PGSC0003DMG400011399,0.008927165367368466
PGSC0003DMG400010815,0.03253196792857703
PGSC0003DMG401025057,0.019903868735833313
PGSC0003DMG400010895,0.01784947883325277
PGSC0003DMG400021449,0.010419957028804518
PGSC0003DMG401025549,0.020626782573585127
PGSC0003DMG401023373,0.019921298011090844
PGSC0003DMG400010801,0.018339574935045528
PGSC0003DMG400011640,0.010194050847787491
PGSC0003DMG401027531,0.020145540652067764
PGSC0003DMG400010669,0.028504578963569973
PGSC0003DMG400021459,0.010507448288753555
PGSC0003DMG400010479,0.045074647884305104
PGSC0003DMG401025066,0.020131288164834116
PGSC0003DMG400021776,0.020422634576915302
PGSC0003DMG400010759,0.020497047781545583
PGSC0003DMG400021413,0.020422354365430013
PGSC0003DMG401028319,0.03971290588378906
PGSC0003DMG400011494,0.008325615788939002
PGSC0003DMG400010892,0.01915850368231834
PGSC0003DMG401022673,0.019929153863402913
PGSC0003DMG400021539,0.01034566038638005
PGSC0003DMG400021567,0.020676259405425872
PGSC0003DMG400021559,0.010194267374844305
PGSC0003DMG401024473,0.020111257814643374
PGSC0003DMG400011775,0.023222897805037203
PGSC0003DMG401023640,0.039528234347850584
PGSC0003DMG400011497,0.023618831857416984
PGSC0003DMG400011602,0.021216636110028757
PGSC0003DMG401025892,0.020632450397198018
PGSC0003DMG400011445,0.008949641194287842
PGSC0003DMG400021421,0.01156159115952124
PGSC0003DMG400010582,0.01906620140458429
PGSC0003DMG400010710,0.01774403562513881
PGSC0003DMG400021733,0.021056079705290883
PGSC0003DMG400021453,0.022899156420776164
PGSC0003DMG400011398,0.0092281586737784
PGSC0003DMG400010518,0.017805845841117527
PGSC0003DMG400021710,0.010335006777551616
PGSC0003DMG400021562,0.011688554824294152
PGSC0003DMG400010507,0.017856580357886478
PGSC0003DMG401028252,0.045213144359779994
PGSC0003DMG401024548,0.01987033544176797
PGSC0003DMG400021684,0.010876171576956875
PGSC0003DMG400021508,0.010994839548865622
PGSC0003DMG400011358,0.010902896747366216
PGSC0003DMG400011633,0.00931665296347591
PGSC0003DMG400021815,0.01028242015679412
PGSC0003DMG401027395,0.03739992990142924
PGSC0003DMG400010637,0.018866937694740932
PGSC0003DMG400011599,0.022670002333906935
PGSC0003DMG400010795,0.04134273210098113
PGSC0003DMG400010703,0.01782831140983862
PGSC0003DMG401025958,0.021460225350880702
PGSC0003DMG400021444,0.021501176544342297
PGSC0003DMG400010691,0.04627439888026005
PGSC0003DMG400021441,0.01014589905141789
PGSC0003DMG400011347,0.008754023327453307
PGSC0003DMG400010728,0.04057408017059632
PGSC0003DMG400021448,0.011108029067814848
PGSC0003DMG400011537,0.0087966114929403
PGSC0003DMG401024930,0.019922100181962336
PGSC0003DMG400011707,0.02284668045171314
PGSC0003DMG400010809,0.020213071319171817
PGSC0003DMG401023233,0.0481329538351716
PGSC0003DMG400010551,0.03856982036577818
PGSC0003DMG400010474,0.017950306768002716
PGSC0003DMG401025696,0.038038805575673795
PGSC0003DMG400010841,0.018484165038552172
PGSC0003DMG400010845,0.018012069140788303
PGSC0003DMG400021422,0.024583520395727906
PGSC0003DMG401027248,0.020635113668282294
PGSC0003DMG400011780,0.008486521661978134
PGSC0003DMG400021678,0.010717239125145099
PGSC0003DMG401027913,0.01999390643575917
PGSC0003DMG400021664,0.010593310023388997
PGSC0003DMG400021603,0.012472498994040768
PGSC0003DMG400011669,0.008696794907915374
PGSC0003DMG401023885,0.020231854556794947
PGSC0003DMG401024603,0.020766674475526332
PGSC0003DMG401026412,0.020195401233175526
PGSC0003DMG400011579,0.008662585225049561
PGSC0003DMG400021651,0.023383156485071964
PGSC0003DMG400011544,0.008623263274687957
PGSC0003DMG400010478,0.01876443524823141
PGSC0003DMG400021538,0.019545139573850297
PGSC0003DMG401028457,0.020175788713538128
PGSC0003DMG400011500,0.008851863307029457
PGSC0003DMG400010546,0.03870799469708599
PGSC0003DMG400021418,0.010094420539715852
PGSC0003DMG401023438,0.02328464099794726
PGSC0003DMG400011512,0.008496403097111315
PGSC0003DMG400010501,0.018639173794749588
PGSC0003DMG400021492,0.010059427538379804
PGSC0003DMG400011684,0.021504906859740193
PGSC0003DMG400010882,0.046281007620004505
PGSC0003DMG400021613,0.010368698228380716
PGSC0003DMG400010802,0.018668551110104972
PGSC0003DMG400021791,0.010577470909972023
PGSC0003DMG400010485,0.01820647676652889
PGSC0003DMG401023624,0.020162831182065216
PGSC0003DMG400011542,0.009631796153837533
PGSC0003DMG400010732,0.019154783076665873
PGSC0003DMG400011423,0.008476836056462513
PGSC0003DMG400021630,0.01463275998582028
PGSC0003DMG400011435,0.017689265472463057
PGSC0003DMG401022625,0.02030590306157651
PGSC0003DMG400010645,0.018327524829468998
PGSC0003DMG400021685,0.01013866688850925
PGSC0003DMG401026367,0.041768160153392166
PGSC0003DMG400011740,0.010620665669640237
PGSC0003DMG400011357,0.019557182299274833
PGSC0003DMG400010658,0.01783060150401648
PGSC0003DMG401025826,0.045151806196640165
PGSC0003DMG400011619,0.0226595835614085
PGSC0003DMG400010851,0.018688713826463373
PGSC0003DMG400021825,0.02239257385814329
PGSC0003DMG401026177,0.05129629792178355
PGSC0003DMG400021464,0.020033537047932263
PGSC0003DMG401027860,0.019845102941710813
PGSC0003DMG400011730,0.008902001261512107
PGSC0003DMG400021477,0.010074929124325862
PGSC0003DMG400011429,0.024201647865155305
PGSC0003DMG400011588,0.008434876774706706
PGSC0003DMG400011478,0.021592772265706515
PGSC0003DMG400021826,0.02376836607969663
PGSC0003DMG400021546,0.010169080979437979
PGSC0003DMG400010768,0.044855628125244955
PGSC0003DMG400010770,0.04875364590648026
PGSC0003DMG400021580,0.026044092512687977
PGSC0003DMG400021828,0.010787922472308992
PGSC0003DMG400011785,0.021532332558862752
PGSC0003DMG400021797,0.010325149224079113
PGSC0003DMG400011771,0.009556613501801913
PGSC0003DMG400011723,0.008614221677955284
PGSC0003DMG400021814,0.026042610257615232
PGSC0003DMG400011547,0.021463292269953502
PGSC0003DMG401024092,0.020675665558779917
PGSC0003DMG400021727,0.012661168093673375
PGSC0003DMG401026407,0.02033367922473512
PGSC0003DMG400011565,0.019732335175019076
PGSC0003DMG400011463,0.02161668099226657
PGSC0003DMG400021577,0.02066880832729435
PGSC0003DMG401022600,0.04086101812662488
PGSC0003DMG400021817,0.0243174771036648
PGSC0003DMG400010504,0.03154836291054818
PGSC0003DMG400011381,0.02211051393231884
PGSC0003DMG400021556,0.01036035158797377
PGSC0003DMG400011353,0.008724893273813697
PGSC0003DMG400021410,0.02173187179438061
PGSC0003DMG400010664,0.02079166297529852
PGSC0003DMG400021745,0.010628095254277149
PGSC0003DMG400010834,0.018254793607271634
PGSC0003DMG400010609,0.01905646850432839
PGSC0003DMG400021540,0.022483088536334156
PGSC0003DMG400011685,0.01440127186464746
PGSC0003DMG401027186,0.02032245680639975
PGSC0003DMG400010850,0.018081848437969502
PGSC0003DMG400021720,0.010507402913598266
PGSC0003DMG400011631,0.009660035421533856
PGSC0003DMG400011666,0.018927816158543047
PGSC0003DMG401027016,0.020275953222676665
PGSC0003DMG400021498,0.010259405400398776
PGSC0003DMG400010617,0.01852861933883616
PGSC0003DMG401024557,0.020608056747793754
PGSC0003DMG400011568,0.008494916065706435
PGSC0003DMG400011393,0.008414986535583395
PGSC0003DMG400010821,0.019591763665444874
PGSC0003DMG400010638,0.0200710886696908
PGSC0003DMG400011538,0.009606359000994089
PGSC0003DMG400010767,0.04235136867765599
PGSC0003DMG400010843,0.040889593271108776
PGSC0003DMG400010705,0.017930147241190523
PGSC0003DMG400010540,0.018715560236902143
PGSC0003DMG400011641,0.008968182915638206
PGSC0003DMG401026985,0.02088010111780071
PGSC0003DMG400011493,0.00857540044641256
PGSC0003DMG400010839,0.03580986775682124
PGSC0003DMG401026419,0.03979582770612328
PGSC0003DMG401027324,0.04012194923732592
PGSC0003DMG400021690,0.016563214921394055
PGSC0003DMG400010545,0.0471594660577168
PGSC0003DMG400021686,0.010297593767933535
PGSC0003DMG400011434,0.008802504690740265
PGSC0003DMG400010807,0.04856334801102961
PGSC0003DMG401028513,0.020135881111374668
PGSC0003DMG400021537,0.01058285463234419
PGSC0003DMG400010828,0.047832536856865004
PGSC0003DMG400011484,0.01884630645853848
PGSC0003DMG400010750,0.01867199741478349
PGSC0003DMG401023481,0.04232768310751006
PGSC0003DMG400010761,0.0477198693265883
PGSC0003DMG400010825,0.018190742735081294
PGSC0003DMG400021560,0.010193670333327355
PGSC0003DMG401025689,0.021993751908624452
PGSC0003DMG400011515,0.01985216538774748
PGSC0003DMG400021609,0.011079549391401032
PGSC0003DMG401024306,0.04675900896257382
PGSC0003DMG400010519,0.018166368222954282
PGSC0003DMG400010523,0.017597019871740435
PGSC0003DMG400010579,0.018086259580376157
PGSC0003DMG400011776,0.02311821015728933
PGSC0003DMG400011704,0.020155395609707586
PGSC0003DMG400021536,0.022770322821972167
PGSC0003DMG401025508,0.02076061114818356
PGSC0003DMG400010726,0.01818605729170069
PGSC0003DMG401022694,0.02103457084068885
PGSC0003DMG400010737,0.018225194618454746
PGSC0003DMG400010712,0.04936730821794491
PGSC0003DMG400021620,0.010126410024193969
PGSC0003DMG400011624,0.008860058696918775
PGSC0003DMG401024846,0.0400748492084618
PGSC0003DMG401027957,0.04223459939095488
PGSC0003DMG400021533,0.010251721078047967
PGSC0003DMG400010857,0.043003034432197496
PGSC0003DMG400011603,0.024461749400041737
PGSC0003DMG400021553,0.010901433597622013
PGSC0003DMG401028118,0.020115598787033437
PGSC0003DMG401026906,0.02022776874810158
PGSC0003DMG400021548,0.01035361457149652
PGSC0003DMG400010747,0.01780970678680318
PGSC0003DMG400011354,0.019758366185158045
PGSC0003DMG400011359,0.008763061739964557
PGSC0003DMG400021437,0.0107947613838718
PGSC0003DMG400010719,0.043600685221694385
PGSC0003DMG400021469,0.010825745450435378
PGSC0003DMG401025733,0.021008301738113862
PGSC0003DMG400011503,0.023001100861767498
PGSC0003DMG401023121,0.019841438153116998
PGSC0003DMG400021443,0.010447355662044978
PGSC0003DMG400011553,0.02345135773163606
PGSC0003DMG400011618,0.00893884827577212
PGSC0003DMG400010752,0.03915336698194013
PGSC0003DMG400010663,0.01816096353690361
PGSC0003DMG400011453,0.020336119280832638
PGSC0003DMG400010488,0.046527913581567465
PGSC0003DMG400011711,0.009339475074475119
PGSC0003DMG400010814,0.043621190814270225
PGSC0003DMG401024581,0.020392813411444725
PGSC0003DMG400021507,0.010557571118184441
PGSC0003DMG400021428,0.010526541676465577
PGSC0003DMG400010468,0.018045273911594148
PGSC0003DMG400010530,0.01758007540750663
PGSC0003DMG400011546,0.008521011556329233
PGSC0003DMG400021763,0.011135168983064629
PGSC0003DMG400021456,0.010205436827543383
PGSC0003DMG400010794,0.018642125719765756
PGSC0003DMG400021440,0.010105059819547879
PGSC0003DMG400011750,0.010093977932937953
PGSC0003DMG401028052,0.04653849330634178
PGSC0003DMG400010893,0.018449513808540676
PGSC0003DMG401022539,0.020126055714278716
PGSC0003DMG401023052,0.020494516876628965
PGSC0003DMG401023002,0.04378205876685305
PGSC0003DMG400010713,0.021649105493041585
PGSC0003DMG400011727,0.00845760733933998
PGSC0003DMG400010532,0.04296400714478764
PGSC0003DMG400021761,0.02469617814969937
PGSC0003DMG400010674,0.018452255223507068
PGSC0003DMG400021793,0.02314928338205277
PGSC0003DMG400010622,0.019447808281633765
PGSC0003DMG400021716,0.01120353978941954
PGSC0003DMG400021574,0.011041141312588038
PGSC0003DMG401026585,0.04376436954357951
PGSC0003DMG400011716,0.0238261628827587
PGSC0003DMG401022351,0.020083154722998372
PGSC0003DMG400010554,0.018254576718129443
PGSC0003DMG400011726,0.008893646660551603
PGSC0003DMG400010544,0.01974952340524731
PGSC0003DMG401024222,0.02146409586520498
PGSC0003DMG400021658,0.010750604193278267
PGSC0003DMG400011513,0.00843067439848274
PGSC0003DMG400021725,0.016307932705632435
PGSC0003DMG400011585,0.02277145322057759
PGSC0003DMG400011710,0.02199107537882555
PGSC0003DMG400021744,0.023796675400264276
PGSC0003DMG400021660,0.010181517752263702
PGSC0003DMG400011574,0.008717571156649836
PGSC0003DMG401023161,0.019942291604236616
PGSC0003DMG401025754,0.02156796184271873
PGSC0003DMG400021394,0.02510171581389311
PGSC0003DMG400011606,0.00963718146832041
PGSC0003DMG400011518,0.009141571732713703
PGSC0003DMG400010748,0.018395754007192757
PGSC0003DMG400021555,0.010390229933647958
PGSC0003DMG400010592,0.04942864957063094
PGSC0003DMG400011408,0.009371763875767066
PGSC0003DMG400011767,0.008715283293556888
PGSC0003DMG400010603,0.01912817269264655
PGSC0003DMG400021517,0.010948509127150395
PGSC0003DMG400021680,0.01069766730816416
PGSC0003DMG400011545,0.008431084366991047
PGSC0003DMG400010482,0.018734440755684638
PGSC0003DMG400011630,0.014194375485530084
PGSC0003DMG401025083,0.02385109324120359
PGSC0003DMG400010762,0.0477542271183486
PGSC0003DMG400021798,0.02155656766811874
PGSC0003DMG400010578,0.03256020179161659
PGSC0003DMG400010924,0.03881295628372244
PGSC0003DMG400010723,0.04986291266604012
PGSC0003DMG401028242,0.041173408661399
PGSC0003DMG400010906,0.018129964337301095
PGSC0003DMG400021568,0.010106120961337336
PGSC0003DMG400011758,0.00891101738447339
PGSC0003DMG400010642,0.04899620451656073
PGSC0003DMG400011682,0.02156283899221277
PGSC0003DMG401023760,0.02187397169030231
PGSC0003DMG401022784,0.03960818989221069
PGSC0003DMG400011572,0.021535790623328922
PGSC0003DMG400021623,0.022963006428764737
PGSC0003DMG400011549,0.009098954909233896
PGSC0003DMG400021592,0.010176774058397705
PGSC0003DMG400010899,0.0178465986730263
PGSC0003DMG400011465,0.02012754640913567
PGSC0003DMG400021541,0.0166120035620484
PGSC0003DMG400010760,0.048814043153488515
PGSC0003DMG400021832,0.010343733932418695
PGSC0003DMG400011548,0.014066075243814561
PGSC0003DMG400021778,0.022723100818258294
PGSC0003DMG401022797,0.020161158265078746
PGSC0003DMG401023904,0.02011254001221928
PGSC0003DMG401026747,0.03964430193438578
PGSC0003DMG400010655,0.01821892875492772
PGSC0003DMG400010904,0.04338755017538932
PGSC0003DMG401028595,0.042618292231224854
PGSC0003DMG400021524,0.010240918606867974
PGSC0003DMG400021452,0.010655768526615404
PGSC0003DMG401028313,0.02041930099793501
PGSC0003DMG400010678,0.017705131135257988
PGSC0003DMG401025869,0.04796911960461467
PGSC0003DMG400010543,0.018228459118999365
PGSC0003DMG400010854,0.041322200992035624
PGSC0003DMG400011644,0.008413695333796073
PGSC0003DMG400010676,0.01881547117711708
PGSC0003DMG400011786,0.008301297889926
PGSC0003DMG400011729,0.008607183752553491
PGSC0003DMG401025557,0.02004819729655084
PGSC0003DMG400021435,0.010205874657989146
PGSC0003DMG400010717,0.01790100276270838
PGSC0003DMG400021738,0.010517765962221785
PGSC0003DMG400010620,0.01756644488178368
PGSC0003DMG401027084,0.020481238795762077
PGSC0003DMG400011597,0.0085834310528432
PGSC0003DMG400011397,0.0085266301150314
PGSC0003DMG401023454,0.020207889901355757
PGSC0003DMG401022886,0.021046453495089424
PGSC0003DMG400011491,0.008421658275521458
PGSC0003DMG401027355,0.020621283795921302
PGSC0003DMG400010460,0.04773970830400652
PGSC0003DMG401026834,0.04071764164545066
PGSC0003DMG400021552,0.010246047591526242
PGSC0003DMG400021768,0.022304569938545037
PGSC0003DMG400011615,0.021922041458359146
PGSC0003DMG400010668,0.0424324597004664
PGSC0003DMG400021439,0.010377505784838745
PGSC0003DMG400021801,0.023794739393638648
PGSC0003DMG401022708,0.05279378986677597
PGSC0003DMG400021506,0.010347950637639066
PGSC0003DMG400010840,0.01813289074594759
PGSC0003DMG401028184,0.020630110865053924
PGSC0003DMG400021654,0.02458378150188465
PGSC0003DMG400011660,0.022780402474888974
PGSC0003DMG400010855,0.01801443099975586
PGSC0003DMG400010495,0.04271464842219018
PGSC0003DMG401024654,0.03961876323789258
PGSC0003DMG400010727,0.01904525884417786
PGSC0003DMG400010827,0.01808790379144675
PGSC0003DMG401028577,0.02126388007581832
PGSC0003DMG400011725,0.008432042021584232
PGSC0003DMG401026923,0.04447658245380108
PGSC0003DMG400011715,0.01947365857921976
PGSC0003DMG400010528,0.017843315035204425
PGSC0003DMG400010526,0.04248787168675043
PGSC0003DMG401027015,0.020146617123913208
PGSC0003DMG400011686,0.009052403184129719
PGSC0003DMG401026939,0.020212463710619057
PGSC0003DMG400021557,0.011021704825017608
PGSC0003DMG400010512,0.019649958530796013
PGSC0003DMG400021688,0.01634921136005892
PGSC0003DMG400021676,0.011971943366507656
PGSC0003DMG400011604,0.008363423642013626
PGSC0003DMG400010681,0.01774895071584644
PGSC0003DMG400021624,0.010107980546648793
PGSC0003DMG400011722,0.013468992331987232
PGSC0003DMG400011708,0.009347391048934504
PGSC0003DMG400011580,0.009155048949889628
PGSC0003DMG401028079,0.020050658031450865
PGSC0003DMG400021784,0.0170796176228977
PGSC0003DMG400021822,0.016037189502747906
PGSC0003DMG400011693,0.019713497321076304
PGSC0003DMG400021408,0.01030409913230221
PGSC0003DMG400010688,0.020450456485301756
PGSC0003DMG400021425,0.01047003209491405
PGSC0003DMG400010789,0.01925266546549207
PGSC0003DMG400010716,0.043787968995977804
PGSC0003DMG401023527,0.019930139433181407
PGSC0003DMG400011763,0.009142147280736042
PGSC0003DMG400011590,0.008757272029360864
PGSC0003DMG401028027,0.02088312002328726
PGSC0003DMG400021554,0.010214900333614699
PGSC0003DMG400010923,0.01835487678298185
PGSC0003DMG400011600,0.02069296064679332
PGSC0003DMG400010876,0.04812017013396706
PGSC0003DMG401025018,0.04424362118826263
PGSC0003DMG400021423,0.010515002854081346
PGSC0003DMG400010539,0.04381571804799364
PGSC0003DMG400011409,0.013789968219941764
PGSC0003DMG400011508,0.009187861555605779
PGSC0003DMG401023118,0.020939452193652508
PGSC0003DMG400011610,0.019953119535876036
PGSC0003DMG400011594,0.02239204209316553
PGSC0003DMG401026039,0.020262104213038416
PGSC0003DMG400011746,0.024114048341677862
PGSC0003DMG401024332,0.04511310743248981
PGSC0003DMG400021800,0.019171055648880133
PGSC0003DMG400021653,0.010151721400291176
PGSC0003DMG401028367,0.022450624102334116
PGSC0003DMG400010497,0.04043412607250405
PGSC0003DMG400011554,0.01520211947382193
PGSC0003DMG400021575,0.021807256644476636
PGSC0003DMG400021576,0.02347851595615903
PGSC0003DMG400011564,0.02084118137773568
PGSC0003DMG400011639,0.009339119237731017
PGSC0003DMG400011627,0.009152589138839798
PGSC0003DMG401024369,0.040596273033116574
PGSC0003DMG400010675,0.017642895114860408
PGSC0003DMG401027896,0.020197881105352804
PGSC0003DMG401024472,0.01996344945901214
PGSC0003DMG400010619,0.017750301488665833
PGSC0003DMG400021715,0.023312231137079868
PGSC0003DMG401023552,0.04184394058176506
PGSC0003DMG400021700,0.02096875561696659
PGSC0003DMG400021627,0.022601941193085482
PGSC0003DMG400011733,0.01997813796360226
PGSC0003DMG400010621,0.05061014360408719
PGSC0003DMG400010780,0.04497183924135954
PGSC0003DMG401026018,0.0215909664447491
PGSC0003DMG401026002,0.04025673308101386
PGSC0003DMG401024850,0.02066785436011477
PGSC0003DMG400011422,0.02021009575743508
PGSC0003DMG400011551,0.022448421917694042
PGSC0003DMG400021493,0.011004404950022499
PGSC0003DMG401026561,0.049241215887675716
PGSC0003DMG401024975,0.04584806499672574
PGSC0003DMG400011401,0.008531537796300719
PGSC0003DMG400021736,0.010490119755765632
PGSC0003DMG400010777,0.045669466356768655
PGSC0003DMG401024988,0.02083043828855789
PGSC0003DMG400021457,0.020947545518063146
PGSC0003DMG400010781,0.018022896055393794
PGSC0003DMG400021432,0.023293732402718724
PGSC0003DMG400011395,0.009190849947411947
PGSC0003DMG400021767,0.0101461084139765
PGSC0003DMG400010844,0.01796503609239457
PGSC0003DMG400021582,0.01025535825496922
PGSC0003DMG400011379,0.02579414545992181
PGSC0003DMG400021694,0.023522819620938055
PGSC0003DMG401027258,0.01990450505030195
PGSC0003DMG401028300,0.03961498362563526
PGSC0003DMG400010484,0.031140895192838434
PGSC0003DMG400021821,0.01645743986202998
PGSC0003DMG400011670,0.00837748038748867
PGSC0003DMG401024742,0.021878306283599956
PGSC0003DMG400010547,0.043243851550048014
PGSC0003DMG401022702,0.022470847420070484
PGSC0003DMG400010816,0.019066553849440355
PGSC0003DMG400010745,0.018010536563835017
PGSC0003DMG400010671,0.01820903318781518
PGSC0003DMG401025662,0.02057067048190828
PGSC0003DMG400011431,0.009050245078059788
PGSC0003DMG400011558,0.009137335922164789
PGSC0003DMG400010607,0.040580487968929636
PGSC0003DMG400010805,0.018225129232757466
PGSC0003DMG400010562,0.04203372814982233
PGSC0003DMG401023899,0.04661844247160947
PGSC0003DMG401025427,0.044828871022100036
PGSC0003DMG401025742,0.019843769711395568
PGSC0003DMG400010639,0.046293957177611894
PGSC0003DMG400010629,0.042678689478233105
PGSC0003DMG400010561,0.01769031888266471
PGSC0003DMG400011482,0.022439486992379062
PGSC0003DMG400011768,0.00906231566542178
PGSC0003DMG400011643,0.008582280752853878
PGSC0003DMG400011703,0.008473387544660616
PGSC0003DMG400011385,0.023354877414607844
PGSC0003DMG400011721,0.00921606977714322
PGSC0003DMG400011473,0.00850351505566121
PGSC0003DMG400021807,0.010845888835161875
PGSC0003DMG400021605,0.010064469753004275
PGSC0003DMG401023713,0.03980316047285711
PGSC0003DMG400011449,0.009440881382045841
PGSC0003DMG400010591,0.04010297781647647
PGSC0003DMG400011531,0.010375958253226814
PGSC0003DMG400011370,0.008941059717550898
PGSC0003DMG400011765,0.023527912783105304
PGSC0003DMG401023991,0.020274940541755396
PGSC0003DMG401025960,0.021030976222111628
PGSC0003DMG400010785,0.04701901439041597
PGSC0003DMG400021551,0.010615906850722476
PGSC0003DMG400011668,0.008381160551399142
PGSC0003DMG401027064,0.04871679388958475
PGSC0003DMG401028122,0.019957159673888548
PGSC0003DMG400010751,0.017758219537128972
PGSC0003DMG400011680,0.019643512910514922
PGSC0003DMG400021608,0.010517024834685413
PGSC0003DMG401023336,0.021065943217197788
PGSC0003DMG400011658,0.00847411673136665
PGSC0003DMG400021611,0.010267778310632468
PGSC0003DMG400011628,0.009516852924939189
PGSC0003DMG400021528,0.01013346387070288
PGSC0003DMG400010493,0.017769743367581064
PGSC0003DMG401027680,0.042335727143048445
PGSC0003DMG401022374,0.020650225738219195
PGSC0003DMG400021569,0.011133892110273715
PGSC0003DMG400011346,0.022147328308309257
PGSC0003DMG400011483,0.008812220546359412
PGSC0003DMG400021665,0.010278245642507613
PGSC0003DMG400021691,0.01498891515206415
PGSC0003DMG401027687,0.04254284032611145
PGSC0003DMG400021414,0.010573866371320365
PGSC0003DMG400021617,0.024277761901957365
PGSC0003DMG400021455,0.010544127335333466
PGSC0003DMG400011507,0.008553829734432876
PGSC0003DMG400011448,0.00874713506045843
PGSC0003DMG401027812,0.0201711303813003
PGSC0003DMG400021426,0.016299242965367083
PGSC0003DMG401023104,0.04025610155086454
PGSC0003DMG401025906,0.020756726280901344
PGSC0003DMG400011706,0.022974692521389815
PGSC0003DMG400021827,0.02070628661345162
PGSC0003DMG400010550,0.01858635809907945
PGSC0003DMG400021749,0.01042324792164594
PGSC0003DMG400011509,0.02164460183782052
PGSC0003DMG400011420,0.0210195391723429
PGSC0003DMG400010660,0.020067691802978516
PGSC0003DMG400021442,0.010270563708322872
PGSC0003DMG400011724,0.024106489000017932
PGSC0003DMG400021531,0.010678635216714544
PGSC0003DMG401022475,0.024070412817607356
PGSC0003DMG400011511,0.008568642732496055
PGSC0003DMG401028453,0.020389017851456352
PGSC0003DMG401022613,0.020155039120677322
PGSC0003DMG400011525,0.019987392903170323
PGSC0003DMG400010831,0.04463096605894159
PGSC0003DMG400021639,0.019998943666384893
PGSC0003DMG400011692,0.00983041514936393
PGSC0003DMG400010600,0.04299551667178355
PGSC0003DMG400011747,0.02171067602447357
PGSC0003DMG400010779,0.018204274384871773
PGSC0003DMG400010466,0.018080290344646543
PGSC0003DMG401025422,0.020484520838810846
PGSC0003DMG401023851,0.021355734222310043
PGSC0003DMG400011596,0.02499936379255954
PGSC0003DMG400011731,0.008651410199962992
PGSC0003DMG400011470,0.009724455405157277
PGSC0003DMG400010461,0.01789883068174024
PGSC0003DMG400010465,0.02044827005137568
PGSC0003DMG400021404,0.022217478298384677
PGSC0003DMG400010754,0.0422932647143718
PGSC0003DMG400011345,0.025121034485270862
PGSC0003DMG400011472,0.021617843233086232
PGSC0003DMG400010718,0.05052266392022072
PGSC0003DMG400010573,0.04539046399170738
PGSC0003DMG400011694,0.008716135868843091
PGSC0003DMG401028515,0.02007708342179008
PGSC0003DMG401024252,0.01995911486571449
PGSC0003DMG401025870,0.020802576007651646
PGSC0003DMG400021558,0.010165361808815066
PGSC0003DMG401026622,0.019842146232375332
PGSC0003DMG400010597,0.03684739205350844
PGSC0003DMG400010575,0.017668757550293786
PGSC0003DMG401024842,0.022737112332347244
PGSC0003DMG400011369,0.024167649933014172
PGSC0003DMG400011659,0.019325203808002758
PGSC0003DMG400010477,0.03344939943141363
PGSC0003DMG400021635,0.010218902103888969
PGSC0003DMG401024293,0.028668043206766695
PGSC0003DMG400021465,0.023218107143905205
PGSC0003DMG400011642,0.021745839381655786
PGSC0003DMG401024899,0.02080439245421751
PGSC0003DMG400010753,0.019057973970138906
PGSC0003DMG400010506,0.018601939032309032
PGSC0003DMG401023186,0.04726588207742442
PGSC0003DMG400021787,0.022626474027044586
PGSC0003DMG400010473,0.017644110331965928
PGSC0003DMG400011389,0.015609521499659263
PGSC0003DMG400021446,0.010102650159985474
PGSC0003DMG401024817,0.020879302136475427
PGSC0003DMG400021637,0.010330052129016297
PGSC0003DMG400010471,0.01898546761094926
PGSC0003DMG401026960,0.020206545507628782
PGSC0003DMG400010616,0.01785052181486302
PGSC0003DMG400021783,0.02041505612992683
PGSC0003DMG400010615,0.019197709584315884
PGSC0003DMG400011510,0.008392789328038592
PGSC0003DMG400011479,0.008385877975438393
PGSC0003DMG400010813,0.04310118314813212
PGSC0003DMG400011457,0.02279839014171161
PGSC0003DMG401027033,0.02005672773788605
PGSC0003DMG400021417,0.010161755678052695
PGSC0003DMG400021663,0.010314999518290983
PGSC0003DMG401026981,0.020633061195296985
PGSC0003DMG400021796,0.010351830611443878
PGSC0003DMG400011601,0.020595502773788018
PGSC0003DMG400011352,0.008678316074938129
PGSC0003DMG400011748,0.02014158245717146
PGSC0003DMG400021824,0.020215047221748977
PGSC0003DMG401022350,0.02102385237065446
PGSC0003DMG400011751,0.011047583788583592
PGSC0003DMG401027528,0.01996597079529013
PGSC0003DMG400010624,0.017519802552800515
PGSC0003DMG401022603,0.021704901819643768
PGSC0003DMG400011649,0.02235400656825911
PGSC0003DMG401025314,0.02067168181556523
PGSC0003DMG400021659,0.010155130109325275
PGSC0003DMG400010557,0.024791358705348394
PGSC0003DMG401025764,0.041117275837671795
PGSC0003DMG400010742,0.0409722280342842
PGSC0003DMG400021636,0.010291506332626725
PGSC0003DMG400010646,0.017798521048249208
PGSC0003DMG400010509,0.01852401682365698
PGSC0003DMG400021612,0.010655472394022997
PGSC0003DMG400011777,0.023641471671739682
PGSC0003DMG400010680,0.04286609764481867
PGSC0003DMG400011719,0.009786951322985411
PGSC0003DMG400011451,0.008645202560297436
PGSC0003DMG400010559,0.018040680965053596
PGSC0003DMG400011614,0.021926583750220094
PGSC0003DMG400010587,0.018043490955263475
PGSC0003DMG400011576,0.023406105168872763
PGSC0003DMG401026661,0.021126472830373708
PGSC0003DMG400010503,0.04937513217479489
PGSC0003DMG400010787,0.048909576441531995
PGSC0003DMG401026234,0.020402568638524084
PGSC0003DMG400010788,0.018398150951168608
PGSC0003DMG400021545,0.011046466922919222
PGSC0003DMG401027501,0.020115978343032276
PGSC0003DMG400011759,0.009081616823581702
PGSC0003DMG400011575,0.00879935310758613
PGSC0003DMG400010701,0.04367417236634322
PGSC0003DMG400010868,0.0482096145782981
PGSC0003DMG400011376,0.008887911081712115
PGSC0003DMG400021424,0.010285330535175406
PGSC0003DMG400011355,0.02374692194051854
PGSC0003DMG400021697,0.020266402344870846
PGSC0003DMG401024041,0.019797068375807542
PGSC0003DMG400011608,0.018542617708693362
PGSC0003DMG400010772,0.017689274306281356
PGSC0003DMG400010560,0.01802843948670454
PGSC0003DMG400010589,0.04455760011704869
PGSC0003DMG400010891,0.018311588261837146
PGSC0003DMG400010817,0.028028427557801723
PGSC0003DMG400010630,0.017783212821220473
PGSC0003DMG400011749,0.010281342297842189
PGSC0003DMG400011701,0.008807601833184294
PGSC0003DMG400011438,0.019782529649431994
PGSC0003DMG400021779,0.021573907345881646
PGSC0003DMG401028529,0.04665846489743644
PGSC0003DMG400011419,0.008435590836360977
PGSC0003DMG400010697,0.01776759042389018
PGSC0003DMG400021436,0.010274863999355616
PGSC0003DMG400021698,0.022832724009212945
PGSC0003DMG400011415,0.008557047390181552
PGSC0003DMG400011764,0.021235572674835664
PGSC0003DMG401027917,0.020062708137027395
PGSC0003DMG400010887,0.041361515338604264
PGSC0003DMG400011433,0.008549315304509388
PGSC0003DMG400010877,0.04064121054965118
PGSC0003DMG400010771,0.042168917065878775
PGSC0003DMG400010833,0.018576183446673646
PGSC0003DMG400011543,0.008713684814402177
PGSC0003DMG400021550,0.010617844449458815
PGSC0003DMG400011655,0.009701454977758341
PGSC0003DMG400011650,0.008708913258598723
PGSC0003DMG401022530,0.0204237982580893
PGSC0003DMG400011598,0.008656721481297768
PGSC0003DMG400011413,0.008304359518824913
PGSC0003DMG400011691,0.019275580901335396
PGSC0003DMG400021781,0.010344876271854458
PGSC0003DMG401025807,0.046498260370465026
PGSC0003DMG400010724,0.028884144531045867
PGSC0003DMG400011425,0.02300233474756919
PGSC0003DMG400010498,0.0419358728721389
PGSC0003DMG400011754,0.009072283870588758
PGSC0003DMG400021599,0.02279651145107161
PGSC0003DMG401028427,0.03220342553180197
PGSC0003DMG401023504,0.020110438101267735
PGSC0003DMG400010832,0.04305476249261046
PGSC0003DMG400010641,0.02341051324952805
PGSC0003DMG401026447,0.022328234835213245
PGSC0003DMG400010778,0.017983257969884966
PGSC0003DMG400010859,0.030217706559095097
PGSC0003DMG401022631,0.019949732815541552
PGSC0003DMG400011501,0.008473904184586616
PGSC0003DMG400021737,0.011996625858873676
PGSC0003DMG400011779,0.00834880010512516
PGSC0003DMG400011530,0.012430435429033333
PGSC0003DMG401026086,0.02009080803912619
PGSC0003DMG400021657,0.010153631137090056
PGSC0003DMG400011492,0.008371399320624707
PGSC0003DMG400010842,0.017958368346045247
PGSC0003DMG400010601,0.01941257974375849
PGSC0003DMG400011732,0.019519759736992482
PGSC0003DMG400010462,0.018510973174436434
PGSC0003DMG400010905,0.04632244620434815
PGSC0003DMG401026219,0.02083882520031371
PGSC0003DMG400021526,0.022383970091856383
PGSC0003DMG401024077,0.045644294458089464
PGSC0003DMG401027811,0.021208433004525993
PGSC0003DMG400010836,0.01853575594847816
PGSC0003DMG401024510,0.02216426664371554
PGSC0003DMG400011477,0.008643556317821368
PGSC0003DMG400011555,0.00913238525390625
PGSC0003DMG401028564,0.019899684051207477
PGSC0003DMG400010476,0.019488862525659262
PGSC0003DMG400021474,0.02029234260469924
PGSC0003DMG400010799,0.017992085039017593
PGSC0003DMG400021585,0.01986747194013134
PGSC0003DMG400021400,0.010514688412215754
PGSC0003DMG400021628,0.010781955241360927
PGSC0003DMG400010627,0.04213529605929269
PGSC0003DMG401026940,0.020741835884425953
PGSC0003DMG401023302,0.04157081655036646
PGSC0003DMG400010491,0.05017657582975152
PGSC0003DMG400021420,0.010824404097160633
PGSC0003DMG400011651,0.02270794710850278
PGSC0003DMG400011752,0.010884324775912328
PGSC0003DMG400011519,0.013597177941731499
PGSC0003DMG400021542,0.01106314826290277
PGSC0003DMG401028588,0.02046333906243876
PGSC0003DMG400011378,0.008723337781648206
PGSC0003DMG401028141,0.045968412954273036
PGSC0003DMG400021561,0.020837809287247953
PGSC0003DMG400011632,0.010064561299370207
PGSC0003DMG400010862,0.04757399224118644
PGSC0003DMG400011475,0.009698386184361224
PGSC0003DMG400021621,0.02388713753880165
PGSC0003DMG401026390,0.020572592183499033
PGSC0003DMG401023116,0.045672384791549635
PGSC0003DMG400021762,0.021839132293038854
PGSC0003DMG400021708,0.010763287743264327
PGSC0003DMG400021754,0.010336376788819174
PGSC0003DMG400011646,0.008507119594312869
PGSC0003DMG401022752,0.049336666247517764
PGSC0003DMG400021703,0.023123921058412784
PGSC0003DMG400010700,0.04718565861118278
PGSC0003DMG400011350,0.02181343721826009
PGSC0003DMG400021717,0.01068366469445332
PGSC0003DMG400011683,0.009206049032322751
PGSC0003DMG400011712,0.008945298712321236
PGSC0003DMG400010823,0.01773919548876708
PGSC0003DMG400011755,0.02304813818063879
PGSC0003DMG401023679,0.02053301629414128
PGSC0003DMG400021614,0.010206345922759857
PGSC0003DMG401026974,0.04464629820756689
PGSC0003DMG400011657,0.00846450117872235
PGSC0003DMG400010869,0.018031346758073788
PGSC0003DMG400010527,0.01868276691755722
PGSC0003DMG401026150,0.02007450626845344
PGSC0003DMG400010635,0.01881118602178567
PGSC0003DMG400011502,0.008773755947616145
PGSC0003DMG400010886,0.039204482649481016
